Depth (ft),Sv (psi)
5200,5834.549962
5200.5,5835.13491
5201,5835.723225
5201.5,5836.309325
5202,5836.892768
5202.5,5837.47807
5203,5838.065975
5203.5,5838.653017
5204,5839.23771
5204.5,5839.819768
5205,5840.400574
5205.5,5840.9856
5206,5841.573727
5206.5,5842.159152
5207,5842.740966
5207.5,5843.322436
5208,5843.903442
5208.5,5844.48056
5209,5845.058044
5209.5,5845.63741
5210,5846.217308
5210.5,5846.799543
5211,5847.38499
5211.5,5847.975265
5212,5848.57532
5212.5,5849.171997
5213,5849.758883
5213.5,5850.34557
5214,5850.931404
5214.5,5851.523119
5215,5852.127936
5215.5,5852.736895
5216,5853.344946
5216.5,5853.952664
5217,5854.556495
5217.5,5855.160736
5218,5855.766716
5218.5,5856.373958
5219,5856.974423
5219.5,5857.556126
5220,5858.122778
5220.5,5858.680681
5221,5859.251908
5221.5,5859.839171
5222,5860.418858
5222.5,5860.989553
5223,5861.562175
5223.5,5862.145883
5224,5862.739281
5224.5,5863.339114
5225,5863.94351
5225.5,5864.546865
5226,5865.138204
5226.5,5865.72086
5227,5866.304047
5227.5,5866.889638
5228,5867.473368
5228.5,5868.055791
5229,5868.645103
5229.5,5869.243806
5230,5869.846773
5230.5,5870.441102
5231,5871.027512
5231.5,5871.613081
5232,5872.199724
5232.5,5872.786754
5233,5873.372322
5233.5,5873.957548
5234,5874.542972
5234.5,5875.12792
5235,5875.70938
5235.5,5876.289754
5236,5876.870826
5236.5,5877.45346
5237,5878.041609
5237.5,5878.629149
5238,5879.211727
5238.5,5879.792777
5239,5880.37407
5239.5,5880.95532
5240,5881.534276
5240.5,5882.111483
5241,5882.691724
5241.5,5883.274347
5242,5883.856582
5242.5,5884.439481
5243,5885.022957
5243.5,5885.603242
5244,5886.181003
5244.5,5886.75935
5245,5887.336801
5245.5,5887.913532
5246,5888.490085
5246.5,5889.064423
5247,5889.640456
5247.5,5890.218737
5248,5890.798026
5248.5,5891.379176
5249,5891.960381
5249.5,5892.541818
5250,5893.122004
5250.5,5893.697484
5251,5894.271767
5251.5,5894.850026
5252,5895.430256
5252.5,5896.009334
5253,5896.589233
5253.5,5897.170061
5254,5897.749018
5254.5,5898.32587
5255,5898.901006
5255.5,5899.475145
5256,5900.051743
5256.5,5900.628507
5257,5901.20022
5257.5,5901.77313
5258,5902.348277
5258.5,5902.92277
5259,5903.500199
5259.5,5904.078779
5260,5904.656418
5260.5,5905.236914
5261,5905.823379
5261.5,5906.420056
5262,5907.023599
5262.5,5907.618581
5263,5908.203773
5263.5,5908.789353
5264,5909.378288
5264.5,5909.967511
5265,5910.552847
5265.5,5911.134794
5266,5911.715578
5266.5,5912.297802
5267,5912.881167
5267.5,5913.465129
5268,5914.043289
5268.5,5914.62034
5269,5915.202243
5269.5,5915.794833
5270,5916.392839
5270.5,5916.979515
5271,5917.561739
5271.5,5918.144837
5272,5918.728069
5272.5,5919.311035
5273,5919.89451
5273.5,5920.488795
5274,5921.089901
5274.5,5921.678183
5275,5922.256342
5275.5,5922.833616
5276,5923.410612
5276.5,5923.985227
5277,5924.557661
5277.5,5925.130283
5278,5925.703923
5278.5,5926.283866
5279,5926.869623
5279.5,5927.45219
5280,5928.032287
5280.5,5928.60935
5281,5929.18298
5281.5,5929.758049
5282,5930.331191
5282.5,5930.900258
5283,5931.476357
5283.5,5932.068117
5284,5932.664805
5284.5,5933.253253
5285,5933.837193
5285.5,5934.423736
5286,5935.009382
5286.5,5935.597354
5287,5936.189567
5287.5,5936.77621
5288,5937.357459
5288.5,5937.93955
5289,5938.528607
5289.5,5939.119414
5290,5939.702757
5290.5,5940.279908
5291,5940.855731
5291.5,5941.433868
5292,5942.014153
5292.5,5942.597872
5293,5943.181392
5293.5,5943.761811
5294,5944.340922
5294.5,5944.921839
5295,5945.501793
5295.5,5946.078955
5296,5946.657104
5296.5,5947.236614
5297,5947.818882
5297.5,5948.404041
5298,5948.996133
5298.5,5949.596697
5299,5950.200805
5299.5,5950.802432
5300,5951.390215
5300.5,5951.960578
5301,5952.524229
5301.5,5953.090516
5302,5953.661598
5302.5,5954.240898
5303,5954.82382
5303.5,5955.405667
5304,5955.979186
5304.5,5956.543446
5305,5957.124197
5305.5,5957.723498
5306,5958.322512
5306.5,5958.916796
5307,5959.503971
5307.5,5960.087723
5308,5960.672937
5308.5,5961.260698
5309,5961.848094
5309.5,5962.438148
5310,5963.027382
5310.5,5963.611024
5311,5964.206028
5311.5,5964.809383
5312,5965.405417
5312.5,5965.99773
5313,5966.595891
5313.5,5967.199158
5314,5967.801748
5314.5,5968.403785
5315,5969.006819
5315.5,5969.611979
5316,5970.216165
5316.5,5970.81633
5317,5971.416606
5317.5,5972.019662
5318,5972.613714
5318.5,5973.196237
5319,5973.780399
5319.5,5974.369323
5320,5974.960351
5320.5,5975.552964
5321,5976.14057
5321.5,5976.723104
5322,5977.304187
5322.5,5977.884727
5323,5978.468745
5323.5,5979.061236
5324,5979.658056
5324.5,5980.250713
5325,5980.844089
5325.5,5981.44462
5326,5982.045151
5326.5,5982.63784
5327,5983.209654
5327.5,5983.788599
5328,5984.394258
5328.5,5985.001412
5329,5985.606893
5329.5,5986.211665
5330,5986.817723
5330.5,5987.42388
5331,5988.028386
5331.5,5988.630401
5332,5989.231153
5332.5,5989.831906
5333,5990.438229
5333.5,5991.047077
5334,5991.650952
5334.5,5992.252646
5335,5992.855447
5335.5,5993.460441
5336,5994.064693
5336.5,5994.668214
5337,5995.27302
5337.5,5995.879299
5338,5996.486319
5338.5,5997.093562
5339,5997.700283
5339.5,5998.305466
5340,5998.909142
5340.5,5999.510669
5341,6000.109495
5341.5,6000.709084
5342,6001.313801
5342.5,6001.920744
5343,6002.510754
5343.5,6003.051192
5344,6003.593202
5344.5,6004.180487
5345,6004.778814
5345.5,6005.379279
5346,6005.981803
5346.5,6006.58487
5347,6007.182267
5347.5,6007.776761
5348,6008.375509
5348.5,6008.975907
5349,6009.5745
5349.5,6010.170667
5350,6010.771397
5350.5,6011.374442
5351,6011.974751
5351.5,6012.575382
5352,6013.175004
5352.5,6013.772589
5353,6014.368646
5353.5,6014.96664
5354,6015.568334
5354.5,6016.170869
5355,6016.773615
5355.5,6017.374943
5356,6017.971963
5356.5,6018.567621
5357,6019.167432
5357.5,6019.764286
5358,6020.3598
5358.5,6020.956709
5359,6021.548314
5359.5,6022.140981
5360,6022.734092
5360.5,6023.329794
5361,6023.9275
5361.5,6024.522361
5362,6025.120079
5362.5,6025.72237
5363,6026.324507
5363.5,6026.924307
5364,6027.521271
5364.5,6028.115257
5365,6028.711081
5365.5,6029.308511
5366,6029.90676
5366.5,6030.505984
5367,6031.108564
5367.5,6031.711586
5368,6032.310677
5368.5,6032.912426
5369,6033.517487
5369.5,6034.121617
5370,6034.724319
5370.5,6035.324406
5371,6035.917661
5371.5,6036.505334
5372,6037.091268
5372.5,6037.679627
5373,6038.273214
5373.5,6038.868661
5374,6039.468217
5374.5,6040.075072
5375,6040.678227
5375.5,6041.26569
5376,6041.84118
5376.5,6042.41265
5377,6042.981019
5377.5,6043.551503
5378,6044.12675
5378.5,6044.701664
5379,6045.275582
5379.5,6045.849455
5380,6046.425311
5380.5,6047.003138
5381,6047.580854
5381.5,6048.156577
5382,6048.729686
5382.5,6049.303892
5383,6049.877377
5383.5,6050.446333
5384,6051.011391
5384.5,6051.578685
5385,6052.149602
5385.5,6052.714238
5386,6053.268299
5386.5,6053.82567
5387,6054.395368
5387.5,6054.963826
5388,6055.524309
5388.5,6056.082135
5389,6056.640293
5389.5,6057.203013
5390,6057.767373
5390.5,6058.32614
5391,6058.884265
5391.5,6059.44682
5392,6060.009031
5392.5,6060.568518
5393,6061.13424
5393.5,6061.70252
5394,6062.264477
5394.5,6062.832148
5395,6063.407959
5395.5,6063.985122
5396,6064.561199
5396.5,6065.134751
5397,6065.709001
5397.5,6066.287426
5398,6066.867535
5398.5,6067.444675
5399,6068.021162
5399.5,6068.598192
5400,6069.175664
5400.5,6069.753004
5401,6070.330576
5401.5,6070.909921
5402,6071.489254
5402.5,6072.067845
5403,6072.645617
5403.5,6073.222912
5404,6073.799698
5404.5,6074.374535
5405,6074.946659
5405.5,6075.519746
5406,6076.094682
5406.5,6076.66819
5407,6077.242207
5407.5,6077.811927
5408,6078.381138
5408.5,6078.953594
5409,6079.522439
5409.5,6080.094108
5410,6080.669975
5410.5,6081.244956
5411,6081.816924
5411.5,6082.387353
5412,6082.957549
5412.5,6083.524733
5413,6084.093158
5413.5,6084.66568
5414,6085.235156
5414.5,6085.798065
5415,6086.360986
5415.5,6086.922034
5416,6087.4812
5416.5,6088.046545
5417,6088.61827
5417.5,6089.191058
5418,6089.758441
5418.5,6090.321372
5419,6090.882598
5419.5,6091.446603
5420,6092.029979
5420.5,6092.639802
5421,6093.259094
5421.5,6093.864963
5422,6094.44825
5422.5,6095.030817
5423,6095.629088
5423.5,6096.235024
5424,6096.837592
5424.5,6097.430747
5425,6098.019483
5425.5,6098.585903
5426,6099.147416
5426.5,6099.74056
5427,6100.348755
5427.5,6100.955133
5428,6101.55222
5428.5,6102.141255
5429,6102.730799
5429.5,6103.319934
5430,6103.907462
5430.5,6104.494748
5431,6105.080704
5431.5,6105.662728
5432,6106.239547
5432.5,6106.817707
5433,6107.402134
5433.5,6107.986651
5434,6108.570658
5434.5,6109.155263
5435,6109.737276
5435.5,6110.31981
5436,6110.904348
5436.5,6111.491467
5437,6112.07728
5437.5,6112.660256
5438,6113.24176
5438.5,6113.819443
5439,6114.389407
5439.5,6114.961664
5440,6115.542049
5440.5,6116.119245
5441,6116.694248
5441.5,6117.268354
5442,6117.845372
5442.5,6118.421471
5443,6118.997283
5443.5,6119.570447
5444,6120.140511
5444.5,6120.71991
5445,6121.296165
5445.5,6121.862551
5446,6122.428905
5446.5,6122.993973
5447,6123.556894
5447.5,6124.131476
5448,6124.715095
5448.5,6125.290408
5449,6125.861092
5449.5,6126.432274
5450,6127.001473
5450.5,6127.57518
5451,6128.146451
5451.5,6128.705129
5452,6129.266643
5452.5,6129.838567
5453,6130.414434
5453.5,6130.982925
5454,6131.54796
5454.5,6132.121357
5455,6132.690424
5455.5,6133.253134
5456,6133.802398
5456.5,6134.362882
5457,6134.942769
5457.5,6135.511481
5458,6136.077646
5458.5,6136.649039
5459,6137.205879
5459.5,6137.751987
5460,6138.309059
5460.5,6138.872589
5461,6139.442065
5461.5,6140.031953
5462,6140.6342
5462.5,6141.231209
5463,6141.826568
5463.5,6142.42237
5464,6143.021948
5464.5,6143.625646
5465,6144.231349
5465.5,6144.837417
5466,6145.440795
5466.5,6146.043119
5467,6146.644359
5467.5,6147.245698
5468,6147.850116
5468.5,6148.454712
5469,6149.05728
5469.5,6149.659074
5470,6150.260668
5470.5,6150.859316
5471,6151.456668
5471.5,6152.053256
5472,6152.650132
5472.5,6153.250087
5473,6153.845778
5473.5,6154.436275
5474,6155.029042
5474.5,6155.621721
5475,6156.216382
5475.5,6156.816647
5476,6157.412726
5476.5,6158.000575
5477,6158.587916
5477.5,6159.176696
5478,6159.764469
5478.5,6160.354733
5479,6160.947965
5479.5,6161.540865
5480,6162.130011
5480.5,6162.714372
5481,6163.295976
5481.5,6163.875564
5482,6164.455396
5482.5,6165.037586
5483,6165.619888
5483.5,6166.205777
5484,6166.796983
5484.5,6167.389761
5485,6167.977489
5485.5,6168.557797
5486,6169.139434
5486.5,6169.720174
5487,6170.298333
5487.5,6170.882008
5488,6171.470577
5488.5,6172.057143
5489,6172.64074
5489.5,6173.22519
5490,6173.810216
5490.5,6174.393536
5491,6174.976391
5491.5,6175.559545
5492,6176.141802
5492.5,6176.720914
5493,6177.301742
5493.5,6177.886768
5494,6178.475271
5494.5,6179.064373
5495,6179.646696
5495.5,6180.219739
5496,6180.791054
5496.5,6181.365392
5497,6181.938789
5497.5,6182.512208
5498,6183.085694
5498.5,6183.659866
5499,6184.235844
5499.5,6184.814147
5500,6185.391332
5500.5,6185.967575
5501,6186.545413
5501.5,6187.123551
5502,6187.704667
5502.5,6188.287389
5503,6188.837462
5503.5,6189.364588
5504,6189.895833
5504.5,6190.41153
5505,6190.921279
5505.5,6191.439511
5506,6191.976715
5506.5,6192.531119
5507,6193.073949
5507.5,6193.598804
5508,6194.128145
5508.5,6194.672669
5509,6195.224758
5509.5,6195.785153
5510,6196.349103
5510.5,6196.923275
5511,6197.470956
5511.5,6198.008404
5512,6198.582798
5512.5,6199.16315
5513,6199.744698
5513.5,6200.330089
5514,6200.921971
5514.5,6201.524938
5515,6202.130375
5515.5,6202.728879
5516,6203.328745
5516.5,6203.931015
5517,6204.528123
5517.5,6205.102772
5518,6205.667652
5518.5,6206.249732
5519,6206.837482
5519.5,6207.427625
5520,6208.017413
5520.5,6208.598862
5521,6209.171594
5521.5,6209.747837
5522,6210.32407
5522.5,6210.885705
5523,6211.450774
5523.5,6212.039465
5524,6212.639465
5524.5,6213.233428
5525,6213.82233
5525.5,6214.406359
5526,6214.986368
5526.5,6215.571416
5527,6216.166265
5527.5,6216.767959
5528,6217.367338
5528.5,6217.963583
5529,6218.560868
5529.5,6219.155319
5530,6219.745317
5530.5,6220.325359
5531,6220.895091
5531.5,6221.460846
5532,6222.026468
5532.5,6222.597307
5533,6223.172653
5533.5,6223.752264
5534,6224.340479
5534.5,6224.929481
5535,6225.519379
5535.5,6226.115968
5536,6226.712622
5536.5,6227.305223
5537,6227.895067
5537.5,6228.482241
5538,6229.066879
5538.5,6229.648815
5539,6230.22497
5539.5,6230.810184
5540,6231.409131
5540.5,6232.001798
5541,6232.587356
5541.5,6233.172404
5542,6233.756444
5542.5,6234.337184
5543,6234.918211
5543.5,6235.506061
5544,6236.092615
5544.5,6236.675415
5545,6237.261172
5545.5,6237.844802
5546,6238.426583
5546.5,6239.006647
5547,6239.584131
5547.5,6240.160662
5548,6240.738456
5548.5,6241.317623
5549,6241.893922
5549.5,6242.465868
5550,6243.039188
5550.5,6243.62047
5551,6244.204189
5551.5,6244.786092
5552,6245.362933
5552.5,6245.936928
5553,6246.515243
5553.5,6247.091298
5554,6247.662203
5554.5,6248.234293
5555,6248.809927
5555.5,6249.394023
5556,6249.976258
5556.5,6250.550917
5557,6251.095597
5557.5,6251.625846
5558,6252.190516
5558.5,6252.776505
5559,6253.361542
5559.5,6253.944275
5560,6254.521094
5560.5,6255.097947
5561,6255.684224
5561.5,6256.267135
5562,6256.841573
5562.5,6257.415302
5563,6257.993993
5563.5,6258.576781
5564,6259.158828
5564.5,6259.735592
5565,6260.311891
5565.5,6260.890858
5566,6261.468442
5566.5,6262.048395
5567,6262.63145
5567.5,6263.214825
5568,6263.797913
5568.5,6264.379029
5569,6264.958684
5569.5,6265.540531
5570,6266.12466
5570.5,6266.709497
5571,6267.29552
5571.5,6267.880568
5572,6268.463954
5572.5,6269.046876
5573,6269.630972
5573.5,6270.218223
5574,6270.807934
5574.5,6271.402108
5575,6271.998275
5575.5,6272.587642
5576,6273.165536
5576.5,6273.739198
5577,6274.314844
5577.5,6274.889049
5578,6275.462989
5578.5,6276.036342
5579,6276.609263
5579.5,6277.183224
5580,6277.759634
5580.5,6278.339244
5581,6278.914657
5581.5,6279.483048
5582,6280.051206
5582.5,6280.627439
5583,6281.206008
5583.5,6281.780202
5584,6282.353732
5584.5,6282.925712
5585,6283.496074
5585.5,6284.067212
5586,6284.643721
5586.5,6285.22981
5587,6285.816386
5587.5,6286.395232
5588,6286.964443
5588.5,6287.526433
5589,6288.087625
5589.5,6288.654145
5590,6289.232226
5590.5,6289.821771
5591,6290.415402
5591.5,6291.007062
5592,6291.598998
5592.5,6292.193028
5593,6292.780424
5593.5,6293.351905
5594,6293.912832
5594.5,6294.473005
5595,6295.040909
5595.5,6295.610817
5596,6296.179729
5596.5,6296.75368
5597,6297.325371
5597.5,6297.896409
5598,6298.469607
5598.5,6299.041686
5599,6299.615216
5599.5,6300.190252
5600,6300.770549
5600.5,6301.352341
5601,6301.923689
5601.5,6302.486964
5602,6303.052265
5602.5,6303.624621
5603,6304.201418
5603.5,6304.769942
5604,6305.331256
5604.5,6305.894929
5605,6306.467308
5605.5,6307.04076
5606,6307.61213
5606.5,6308.184763
5607,6308.752202
5607.5,6309.318046
5608,6309.885651
5608.5,6310.454208
5609,6311.022544
5609.5,6311.59367
5610,6312.164121
5610.5,6312.732801
5611,6313.303241
5611.5,6313.881599
5612,6314.471631
5612.5,6315.064753
5613,6315.655249
5613.5,6316.241671
5614,6316.820594
5614.5,6317.394877
5615,6317.965439
5615.5,6318.530962
5616,6319.098777
5616.5,6319.673736
5617,6320.256258
5617.5,6320.842181
5618,6321.425114
5618.5,6321.998688
5619,6322.564754
5619.5,6323.129523
5620,6323.69375
5620.5,6324.253868
5621,6324.813355
5621.5,6325.376464
5622,6325.941588
5622.5,6326.511817
5623,6327.084306
5623.5,6327.655344
5624,6328.223049
5624.5,6328.78742
5625,6329.353153
5625.5,6329.921178
5626,6330.488872
5626.5,6331.056443
5627,6331.626883
5627.5,6332.205076
5628,6332.790611
5628.5,6333.370952
5629,6333.944006
5629.5,6334.524015
5630,6335.111931
5630.5,6335.700722
5631,6336.288052
5631.5,6336.865347
5632,6337.43025
5632.5,6338.000657
5633,6338.577443
5633.5,6339.147595
5634,6339.710194
5634.5,6340.279792
5635,6340.85629
5635.5,6341.412366
5636,6341.965053
5636.5,6342.529567
5637,6343.092366
5637.5,6343.65399
5638,6344.212059
5638.5,6344.772399
5639,6345.339129
5639.5,6345.91823
5640,6346.506655
5640.5,6347.094428
5641,6347.694139
5641.5,6348.315048
5642,6348.930873
5642.5,6349.528203
5643,6350.121037
5643.5,6350.715133
5644,6351.314678
5644.5,6351.899771
5645,6352.475648
5645.5,6353.060907
5646,6353.654527
5646.5,6354.258723
5647,6354.86168
5647.5,6355.453439
5648,6356.035109
5648.5,6356.59732
5649,6357.142177
5649.5,6357.687477
5650,6358.234172
5650.5,6358.781698
5651,6359.332037
5651.5,6359.881645
5652,6360.429902
5652.5,6360.980097
5653,6361.528431
5653.5,6362.078692
5654,6362.632686
5654.5,6363.185794
5655,6363.736841
5655.5,6364.286471
5656,6364.837929
5656.5,6365.396818
5657,6365.954832
5657.5,6366.508681
5658,6367.070151
5658.5,6367.632185
5659,6368.183432
5659.5,6368.731666
5660,6369.284287
5660.5,6369.836597
5661,6370.391598
5661.5,6370.957099
5662,6371.536166
5662.5,6372.117416
5663,6372.694634
5663.5,6373.269747
5664,6373.843454
5664.5,6374.406175
5665,6374.957079
5665.5,6375.520054
5666,6376.079054
5666.5,6376.627499
5667,6377.181382
5667.5,6377.760726
5668,6378.357325
5668.5,6378.941775
5669,6379.521031
5669.5,6380.108671
5670,6380.686055
5670.5,6381.259108
5671,6381.854079
5671.5,6382.454655
5672,6383.044808
5672.5,6383.617563
5673,6384.179863
5673.5,6384.740933
5674,6385.305027
5674.5,6385.86643
5675,6386.424444
5675.5,6386.981483
5676,6387.535754
5676.5,6388.086226
5677,6388.636498
5677.5,6389.187468
5678,6389.739978
5678.5,6390.297183
5679,6390.860048
5679.5,6391.426656
5680,6391.993319
5680.5,6392.577326
5681,6393.185632
5681.5,6393.794868
5682,6394.388244
5682.5,6394.966171
5683,6395.545205
5683.5,6396.1225
5684,6396.692985
5684.5,6397.263502
5685,6397.828405
5685.5,6398.418879
5686,6399.021016
5686.5,6399.577801
5687,6400.113853
5687.5,6400.658034
5688,6401.203312
5688.5,6401.749187
5689,6402.312163
5689.5,6402.896657
5690,6403.47599
5690.5,6404.044536
5691,6404.624501
5691.5,6405.202284
5692,6405.766001
5692.5,6406.31871
5693,6406.862736
5693.5,6407.432678
5694,6408.025622
5694.5,6408.612188
5695,6409.175429
5695.5,6409.719311
5696,6410.25955
5696.5,6410.797861
5697,6411.336283
5697.5,6411.875602
5698,6412.41274
5698.5,6412.949523
5699,6413.491655
5699.5,6414.040499
5700,6414.595301
5700.5,6415.150956
5701,6415.70619
5701.5,6416.258656
5702,6416.807422
5702.5,6417.357506
5703,6417.904722
5703.5,6418.444584
5704,6418.977834
5704.5,6419.505967
5705,6420.033614
5705.5,6420.568614
5706,6421.129285
5706.5,6421.720447
5707,6422.310047
5707.5,6422.87753
5708,6423.440682
5708.5,6424.020326
5709,6424.583046
5709.5,6425.118157
5710,6425.652947
5710.5,6426.186175
5711,6426.717199
5711.5,6427.251047
5712,6427.789491
5712.5,6428.332809
5713,6428.879161
5713.5,6429.425335
5714,6429.973481
5714.5,6430.522425
5715,6431.072653
5715.5,6431.622327
5716,6432.169776
5716.5,6432.711631
5717,6433.253431
5717.5,6433.815598
5718,6434.408975
5718.5,6435.008741
5719,6435.588905
5719.5,6436.153542
5720,6436.738158
5720.5,6437.325343
5721,6437.880234
5721.5,6438.423562
5722,6438.969626
5722.5,6439.527219
5723,6440.092177
5723.5,6440.657988
5724,6441.223489
5724.5,6441.78591
5725,6442.344899
5725.5,6442.896655
5726,6443.438334
5726.5,6443.976567
5727,6444.51911
5727.5,6445.068939
5728,6445.620862
5728.5,6446.174733
5729,6446.749072
5729.5,6447.322336
5730,6447.87417
5730.5,6448.419426
5731,6448.982501
5731.5,6449.572566
5732,6450.169109
5732.5,6450.765886
5733,6451.360647
5733.5,6451.944188
5734,6452.515215
5734.5,6453.079564
5735,6453.637567
5735.5,6454.192912
5736,6454.748002
5736.5,6455.303335
5737,6455.855258
5737.5,6456.402297
5738,6456.948704
5738.5,6457.496208
5739,6458.042238
5739.5,6458.585268
5740,6459.13152
5740.5,6459.684262
5741,6460.239308
5741.5,6460.794332
5742,6461.346908
5742.5,6461.900037
5743,6462.457077
5743.5,6463.016298
5744,6463.581555
5744.5,6464.15586
5745,6464.721228
5745.5,6465.273837
5746,6465.823644
5746.5,6466.371746
5747,6466.921719
5747.5,6467.472767
5748,6468.022574
5748.5,6468.569712
5749,6469.115998
5749.5,6469.664066
5750,6470.211016
5750.5,6470.754555
5751,6471.297817
5751.5,6471.842984
5752,6472.390842
5752.5,6472.953364
5753,6473.526617
5753.5,6474.086192
5754,6474.632876
5754.5,6475.173746
5755,6475.710031
5755.5,6476.24327
5756,6476.774383
5756.5,6477.307633
5757,6477.845258
5757.5,6478.382539
5758,6478.920153
5758.5,6479.459583
5759,6480.000741
5759.5,6480.545331
5760,6481.090908
5760.5,6481.632398
5761,6482.172781
5761.5,6482.712731
5762,6483.250013
5762.5,6483.784847
5763,6484.317886
5763.5,6484.857582
5764,6485.398795
5764.5,6485.935523
5765,6486.476083
5765.5,6487.02136
5766,6487.570968
5766.5,6488.122846
5767,6488.676065
5767.5,6489.233747
5768,6489.792093
5768.5,6490.351845
5769,6490.908851
5769.5,6491.459113
5770,6492.005863
5770.5,6492.54979
5771,6493.093495
5771.5,6493.637676
5772,6494.18209
5772.5,6494.72925
5773,6495.279345
5773.5,6495.841335
5774,6496.417213
5774.5,6496.972702
5775,6497.504047
5775.5,6498.035248
5776,6498.566494
5776.5,6499.10001
5777,6499.651335
5777.5,6500.234278
5778,6500.808151
5778.5,6501.359543
5779,6501.908719
5779.5,6502.451106
5780,6502.990979
5780.5,6503.532978
5781,6504.079097
5781.5,6504.628063
5782,6505.176442
5782.5,6505.719803
5783,6506.259311
5783.5,6506.79708
5784,6507.338747
5784.5,6507.884456
5785,6508.432159
5785.5,6508.983174
5786,6509.529825
5786.5,6510.077085
5787,6510.628365
5787.5,6511.177685
5788,6511.72448
5788.5,6512.266468
5789,6512.807161
5789.5,6513.349437
5790,6513.890185
5790.5,6514.42956
5791,6514.972578
5791.5,6515.519738
5792,6516.065526
5792.5,6516.615023
5793,6517.168418
5793.5,6517.715656
5794,6518.261443
5794.5,6518.808271
5795,6519.354446
5795.5,6519.903766
5796,6520.455268
5796.5,6521.008863
5797,6521.561206
5797.5,6522.109231
5798,6522.658772
5798.5,6523.210839
5799,6523.761034
5799.5,6524.310797
5800,6524.865566
5800.5,6525.420999
5801,6525.969821
5801.5,6526.51975
5802,6527.07371
5802.5,6527.626718
5803,6528.1776
5803.5,6528.724993
5804,6529.273139
5804.5,6529.821883
5805,6530.371158
5805.5,6530.922106
5806,6531.476499
5806.5,6532.034446
5807,6532.591873
5807.5,6533.149887
5808,6533.712907
5808.5,6534.286171
5809,6534.857929
5809.5,6535.418579
5810,6535.979716
5810.5,6536.547265
5811,6537.123686
5811.5,6537.69211
5812,6538.24792
5812.5,6538.807894
5813,6539.368699
5813.5,6539.923855
5814,6540.474792
5814.5,6541.027014
5815,6541.582015
5815.5,6542.139963
5816,6542.700125
5816.5,6543.260565
5817,6543.819764
5817.5,6544.377091
5818,6544.928094
5818.5,6545.47644
5819,6546.027764
5819.5,6546.583962
5820,6547.142939
5820.5,6547.693898
5821,6548.24231
5821.5,6548.789614
5822,6549.335457
5822.5,6549.883337
5823,6550.425348
5823.5,6550.963714
5824,6551.501206
5824.5,6552.039008
5825,6552.578538
5825.5,6553.121922
5826,6553.665948
5826.5,6554.207958
5827,6554.754399
5827.5,6555.298979
5828,6555.836404
5828.5,6556.375015
5829,6556.914644
5829.5,6557.457541
5830,6558.007957
5830.5,6558.561475
5831,6559.112411
5831.5,6559.660746
5832,6560.210287
5832.5,6560.759829
5833,6561.310312
5833.5,6561.859
5834,6562.412662
5834.5,6562.969911
5835,6563.52303
5835.5,6564.072815
5836,6564.621238
5836.5,6565.171721
5837,6565.717386
5837.5,6566.25788
5838,6566.806524
5838.5,6567.367572
5839,6567.930326
5839.5,6568.484254
5840,6569.030894
5840.5,6569.576913
5841,6570.123863
5841.5,6570.669661
5842,6571.215061
5842.5,6571.765699
5843,6572.311774
5843.5,6572.849133
5844,6573.391741
5844.5,6573.944483
5845,6574.502542
5845.5,6575.057621
5846,6575.603474
5846.5,6576.148242
5847,6576.704429
5847.5,6577.26272
5848,6577.815406
5848.5,6578.366897
5849,6578.915951
5849.5,6579.462314
5850,6580.009973
5850.5,6580.55741
5851,6581.104094
5851.5,6581.655275
5852,6582.218372
5852.5,6582.797971
5853,6583.373893
5853.5,6583.935496
5854,6584.492203
5854.5,6585.050759
5855,6585.612926
5855.5,6586.173022
5856,6586.733849
5856.5,6587.297212
5857,6587.8631
5857.5,6588.426873
5858,6588.990314
5858.5,6589.556723
5859,6590.120783
5859.5,6590.684833
5860,6591.249392
5860.5,6591.814483
5861,6592.380482
5861.5,6592.944399
5862,6593.503543
5862.5,6594.06149
5863,6594.6206
5863.5,6595.177573
5864,6595.734723
5864.5,6596.289935
5865,6596.847495
5865.5,6597.406539
5866,6597.961961
5866.5,6598.515656
5867,6599.069461
5867.5,6599.624773
5868,6600.177027
5868.5,6600.730069
5869,6601.286078
5869.5,6601.843649
5870,6602.402848
5870.5,6602.962922
5871,6603.521212
5871.5,6604.075128
5872,6604.627372
5872.5,6605.182938
5873,6605.742691
5873.5,6606.303297
5874,6606.857423
5874.5,6607.406954
5875,6607.956406
5875.5,6608.502924
5876,6609.048634
5876.5,6609.598098
5877,6610.150585
5877.5,6610.70737
5878,6611.264808
5878.5,6611.81755
5879,6612.369185
5879.5,6612.919778
5880,6613.469076
5880.5,6614.016436
5881,6614.559488
5881.5,6615.099604
5882,6615.63724
5882.5,6616.175496
5883,6616.719101
5883.5,6617.27201
5884,6617.827155
5884.5,6618.380817
5885,6618.938354
5885.5,6619.496213
5886,6620.049498
5886.5,6620.597965
5887,6621.141759
5887.5,6621.68409
5888,6622.230863
5888.5,6622.784923
5889,6623.340445
5889.5,6623.892733
5890,6624.448078
5890.5,6625.003899
5891,6625.552621
5891.5,6626.096071
5892,6626.636144
5892.5,6627.173326
5893,6627.715812
5893.5,6628.280803
5894,6628.852794
5894.5,6629.414496
5895,6629.974381
5895.5,6630.53069
5896,6631.085414
5896.5,6631.640261
5897,6632.200656
5897.5,6632.763532
5898,6633.323207
5898.5,6633.898564
5899,6634.495086
5899.5,6635.091784
5900,6635.674518
5900.5,6636.242732
5901,6636.804057
5901.5,6637.35928
5902,6637.908666
5902.5,6638.460733
5903,6639.017684
5903.5,6639.578577
5904,6640.147145
5904.5,6640.716268
5905,6641.284592
5905.5,6641.852862
5906,6642.415316
5906.5,6642.974371
5907,6643.536849
5907.5,6644.101696
5908,6644.660418
5908.5,6645.218665
5909,6645.780644
5909.5,6646.349112
5910,6646.922111
5910.5,6647.487755
5911,6648.048582
5911.5,6648.612532
5912,6649.177723
5912.5,6649.748517
5913,6650.330176
5913.5,6650.90797
5914,6651.475608
5914.5,6652.041795
5915,6652.609123
5915.5,6653.181756
5916,6653.75615
5916.5,6654.330289
5917,6654.899167
5917.5,6655.466229
5918,6656.039549
5918.5,6656.613898
5919,6657.190131
5919.5,6657.765942
5920,6658.334189
5920.5,6658.896257
5921,6659.463418
5921.5,6660.036051
5922,6660.613059
5922.5,6661.187619
5923,6661.758413
5923.5,6662.328787
5924,6662.886945
5924.5,6663.438435
5925,6663.997878
5925.5,6664.564741
5926,6665.133276
5926.5,6665.702309
5927,6666.27028
5927.5,6666.835381
5928,6667.401037
5928.5,6667.966416
5929,6668.530731
5929.5,6669.093851
5930,6669.663372
5930.5,6670.237688
5931,6670.806777
5931.5,6671.375135
5932,6671.943714
5932.5,6672.518307
5933,6673.115671
5933.5,6673.732293
5934,6674.348772
5934.5,6674.959824
5935,6675.567122
5935.5,6676.171905
5936,6676.775471
5936.5,6677.377541
5937,6677.982192
5937.5,6678.590752
5938,6679.198559
5938.5,6679.806288
5939,6680.414583
5939.5,6681.016277
5940,6681.621636
5940.5,6682.21787
5941,6682.807004
5941.5,6683.407845
5942,6684.008332
5942.5,6684.610236
5943,6685.213369
5943.5,6685.816757
5944,6686.421142
5944.5,6687.027332
5945,6687.635206
5945.5,6688.241164
5946,6688.845006
5946.5,6689.449679
5947,6690.054174
5947.5,6690.657341
5948,6691.261272
5948.5,6691.866919
5949,6692.471559
5949.5,6693.073773
5950,6693.674758
5950.5,6694.276197
5951,6694.8784
5951.5,6695.482752
5952,6696.086572
5952.5,6696.689007
5953,6697.292462
5953.5,6697.895075
5954,6698.499338
5954.5,6699.104542
5955,6699.70741
5955.5,6700.309469
5956,6700.912237
5956.5,6701.516589
5957,6702.12145
5957.5,6702.72599
5958,6703.330906
5958.5,6703.934915
5959,6704.538846
5959.5,6705.143253
5960,6705.745954
5960.5,6706.348645
5961,6706.95149
5961.5,6707.54985
5962,6708.144002
5962.5,6708.735473
5963,6709.32525
5963.5,6709.917109
5964,6710.511361
5964.5,6711.10714
5965,6711.705932
5965.5,6712.304946
5966,6712.903561
5966.5,6713.504977
5967,6714.107967
5967.5,6714.710879
5968,6715.314677
5968.5,6715.91843
5969,6716.522727
5969.5,6717.126148
5970,6717.727155
5970.5,6718.336457
5971,6718.960666
5971.5,6719.591111
5972,6720.218587
5972.5,6720.839917
5973,6721.446528
5973.5,6722.03842
5974,6722.629902
5974.5,6723.231851
5975,6723.837077
5975.5,6724.438804
5976,6725.0399
5976.5,6725.640996
5977,6726.243874
5977.5,6726.848137
5978,6727.452334
5978.5,6728.056364
5979,6728.665058
5979.5,6729.287185
5980,6729.915624
5980.5,6730.537685
5981,6731.151329
5981.5,6731.754595
5982,6732.353077
5982.5,6732.953796
5983,6733.555656
5983.5,6734.157792
5984,6734.760106
5984.5,6735.361623
5985,6735.972276
5985.5,6736.592055
5986,6737.203107
5986.5,6737.805953
5987,6738.408001
5987.5,6739.009141
5988,6739.610203
5988.5,6740.209427
5989,6740.810091
5989.5,6741.414155
5990,6742.017299
5990.5,6742.618716
5991,6743.219147
5991.5,6743.819977
5992,6744.423476
5992.5,6745.028193
5993,6745.631836
5993.5,6746.235213
5994,6746.838811
5994.5,6747.443119
5995,6748.048877
5995.5,6748.655001
5996,6749.262343
5996.5,6749.873162
5997,6750.480903
5997.5,6751.084723
5998,6751.689783
5998.5,6752.294091
5999,6752.896393
5999.5,6753.497766
6000,6754.100789
6000.5,6754.705306
6001,6755.310466
6001.5,6755.916335
6002,6756.521662
6002.5,6757.12608
6003,6757.731672
6003.5,6758.336954
6004,6758.941593
6004.5,6759.546056
6005,6760.147606
6005.5,6760.748834
6006,6761.353363
6006.5,6761.959398
6007,6762.563816
6007.5,6763.169021
6008,6763.775931
6008.5,6764.383605
6009,6764.993804
6009.5,6765.61283
6010,6766.240838
6010.5,6766.867882
6011,6767.49022
6011.5,6768.114097
6012,6768.739181
6012.5,6769.362316
6013,6769.978418
6013.5,6770.586192
6014,6771.198108
6014.5,6771.816945
6015,6772.437876
6015.5,6773.059837
6016,6773.68006
6016.5,6774.297125
6017,6774.908266
6017.5,6775.514201
6018,6776.11945
6018.5,6776.722827
6019,6777.325019
6019.5,6777.929249
6020,6778.536912
6020.5,6779.144664
6021,6779.749093
6021.5,6780.348073
6022,6780.946289
6022.5,6781.547031
6023,6782.149212
6023.5,6782.751559
6024,6783.352544
6024.5,6783.951768
6025,6784.552476
6025.5,6785.153527
6026,6785.753105
6026.5,6786.355785
6027,6786.959826
6027.5,6787.564831
6028,6788.16987
6028.5,6788.774609
6029,6789.380976
6029.5,6789.986801
6030,6790.590787
6030.5,6791.198351
6031,6791.814364
6031.5,6792.432537
6032,6793.044387
6032.5,6793.651574
6033,6794.255959
6033.5,6794.857719
6034,6795.459922
6034.5,6796.06269
6035,6796.666222
6035.5,6797.270673
6036,6797.875523
6036.5,6798.480429
6037,6799.083928
6037.5,6799.685101
6038,6800.287946
6038.5,6800.890991
6039,6801.492308
6039.5,6802.094733
6040,6802.697711
6040.5,6803.300446
6041,6803.901929
6041.5,6804.502981
6042,6805.106048
6042.5,6805.710056
6043,6806.313167
6043.5,6806.916267
6044,6807.51888
6044.5,6808.120065
6045,6808.719942
6045.5,6809.322245
6046,6809.927305
6046.5,6810.531867
6047,6811.135588
6047.5,6811.739928
6048,6812.345199
6048.5,6812.948809
6049,6813.550979
6049.5,6814.153758
6050,6814.757821
6050.5,6815.364056
6051,6815.969194
6051.5,6816.573723
6052,6817.181153
6052.5,6817.789337
6053,6818.395715
6053.5,6819.000732
6054,6819.606977
6054.5,6820.217132
6055,6820.831495
6055.5,6821.449193
6056,6822.070877
6056.5,6822.694787
6057,6823.320513
6057.5,6823.947978
6058,6824.574746
6058.5,6825.198058
6059,6825.811635
6059.5,6826.417725
6060,6827.025533
6060.5,6827.640848
6061,6828.267527
6061.5,6828.898824
6062,6829.524385
6062.5,6830.137763
6063,6830.741295
6063.5,6831.344716
6064,6831.949123
6064.5,6832.5527
6065,6833.156929
6065.5,6833.760749
6066,6834.363506
6066.5,6834.966197
6067,6835.56943
6067.5,6836.176118
6068,6836.783416
6068.5,6837.386561
6069,6837.988852
6069.5,6838.593736
6070,6839.199892
6070.5,6839.801819
6071,6840.402095
6071.5,6841.004907
6072,6841.609081
6072.5,6842.213345
6073,6842.816168
6073.5,6843.419523
6074,6844.023797
6074.5,6844.627971
6075,6845.232711
6075.5,6845.837572
6076,6846.44354
6076.5,6847.050284
6077,6847.655168
6077.5,6848.258556
6078,6848.860947
6078.5,6849.463195
6079,6850.065697
6079.5,6850.666549
6080,6851.267268
6080.5,6851.869892
6081,6852.474443
6081.5,6853.080179
6082,6853.686026
6082.5,6854.29154
6083,6854.896069
6083.5,6855.499258
6084,6856.101439
6084.5,6856.703775
6085,6857.305037
6085.5,6857.906509
6086,6858.508845
6086.5,6859.111757
6087,6859.718058
6087.5,6860.322243
6088,6860.922231
6088.5,6861.523105
6089,6862.128155
6089.5,6862.733924
6090,6863.338032
6090.5,6863.94255
6091,6864.546935
6091.5,6865.151109
6092,6865.754121
6092.5,6866.358484
6093,6866.964098
6093.5,6867.569369
6094,6868.174695
6094.5,6868.781572
6095,6869.390121
6095.5,6869.996876
6096,6870.600065
6096.5,6871.203187
6097,6871.808015
6097.5,6872.411259
6098,6873.01035
6098.5,6873.606252
6099,6874.204678
6099.5,6874.806139
6100,6875.409262
6100.5,6876.014101
6101,6876.617887
6101.5,6877.219426
6102,6877.81989
6102.5,6878.420432
6103,6879.021085
6103.5,6879.623775
6104,6880.227019
6104.5,6880.828569
6105,6881.428746
6105.5,6882.029199
6106,6882.630804
6106.5,6883.234613
6107,6883.839806
6107.5,6884.444989
6108,6885.050171
6108.5,6885.653338
6109,6886.254012
6109.5,6886.8542
6110,6887.455295
6110.5,6888.058606
6111,6888.662127
6111.5,6889.26464
6112,6889.867907
6112.5,6890.471095
6113,6891.074749
6113.5,6891.678813
6114,6892.282678
6114.5,6892.884283
6115,6893.484138
6115.5,6894.085743
6116,6894.690781
6116.5,6895.295964
6117,6895.898709
6117.5,6896.499008
6118,6897.097766
6118.5,6897.699316
6119,6898.30266
6119.5,6898.904675
6120,6899.505516
6120.5,6900.106379
6121,6900.706201
6121.5,6901.304971
6122,6901.903275
6122.5,6902.501192
6123,6903.100738
6123.5,6903.701169
6124,6904.302608
6124.5,6904.90377
6125,6905.503924
6125.5,6906.103602
6126,6906.702305
6126.5,6907.301075
6127,6907.900332
6127.5,6908.500143
6128,6909.101173
6128.5,6909.702667
6129,6910.304604
6129.5,6910.907284
6130,6911.50705
6130.5,6912.104701
6131,6912.70562
6131.5,6913.308986
6132,6913.91171
6132.5,6914.514012
6133,6915.117002
6133.5,6915.720301
6134,6916.322759
6134.5,6916.92401
6135,6917.525371
6135.5,6918.129003
6136,6918.732579
6136.5,6919.334484
6137,6919.937263
6137.5,6920.539842
6138,6921.140207
6138.5,6921.738888
6139,6922.337293
6139.5,6922.937724
6140,6923.540182
6140.5,6924.144312
6141,6924.751875
6141.5,6925.360867
6142,6925.967667
6142.5,6926.573801
6143,6927.182229
6143.5,6927.79173
6144,6928.400944
6144.5,6929.007743
6145,6929.611862
6145.5,6930.214287
6146,6930.815991
6146.5,6931.419081
6147,6932.02269
6147.5,6932.627175
6148,6933.234838
6148.5,6933.843863
6149,6934.449256
6149.5,6935.051437
6150,6935.647704
6150.5,6936.244912
6151,6936.851446
6151.5,6937.459507
6152,6938.068178
6152.5,6938.678909
6153,6939.296484
6153.5,6939.924049
6154,6940.554771
6154.5,6941.184008
6155,6941.812481
6155.5,6942.433666
6156,6943.043976
6156.5,6943.647841
6157,6944.249424
6157.5,6944.850043
6158,6945.450607
6158.5,6946.052423
6159,6946.653762
6159.5,6947.256386
6160,6947.8622
6160.5,6948.468179
6161,6949.072088
6161.5,6949.67655
6162,6950.279606
6162.5,6950.879783
6163,6951.481919
6163.5,6952.08626
6164,6952.690135
6164.5,6953.293368
6165,6953.895206
6165.5,6954.496999
6166,6955.099922
6166.5,6955.701583
6167,6956.301095
6167.5,6956.899101
6168,6957.497106
6168.5,6958.095965
6169,6958.694646
6169.5,6959.29325
6170,6959.890857
6170.5,6960.490291
6171,6961.091896
6171.5,6961.693424
6172,6962.297399
6172.5,6962.893433
6173,6963.468115
6173.5,6964.007656
6174,6964.423278
6174.5,6964.797968
6175,6965.242784
6175.5,6965.698819
6176,6966.155353
6176.5,6966.613072
6177,6967.073116
6177.5,6967.535896
6178,6967.999484
6178.5,6968.461943
6179,6968.924247
6179.5,6969.386828
6180,6969.847149
6180.5,6970.307182
6181,6970.770305
6181.5,6971.237659
6182,6971.705933
6182.5,6972.169665
6183,6972.63064
6183.5,6973.086077
6184,6973.538823
6184.5,6973.994991
6185,6974.452078
6185.5,6974.909454
6186,6975.366851
6186.5,6975.824249
6187,6976.281646
6187.5,6976.739044
6188,6977.196441
6188.5,6977.653839
6189,6978.111236
6189.5,6978.568634
6190,6979.026042
6190.5,6979.483484
6191,6979.941059
6191.5,6980.399187
6192,6980.859464
6192.5,6981.327837
6193,6981.823421
6193.5,6982.370194
6194,
6194.5,
6195,
